Formation,Réponse aux attentes,Atteinte des objectifs,Utilisation compétences acquises,Qualité de l'animation,Taux de satisfaction
C200,#DIV/0!,#DIV/0!,#DIV/0!,#DIV/0!,#DIV/0!
C500,#DIV/0!,#DIV/0!,#DIV/0!,#DIV/0!,#DIV/0!
CAEERSini,#DIV/0!,#DIV/0!,#DIV/0!,#DIV/0!,#DIV/0!
CFBS,#DIV/0!,#DIV/0!,#DIV/0!,#DIV/0!,#DIV/0!
CGO,#DIV/0!,#DIV/0!,#DIV/0!,#DIV/0!,#DIV/0!
CMP,"66,67%","66,67%","93,33%","86,67%","78,33%"
CRO,#DIV/0!,#DIV/0!,#DIV/0!,#DIV/0!,#DIV/0!
CSS,#DIV/0!,#DIV/0!,#DIV/0!,#DIV/0!,#DIV/0!
Meca250,"66,67%","66,67%","93,33%","86,67%","78,33%"
Meca750,#DIV/0!,#DIV/0!,#DIV/0!,#DIV/0!,#DIV/0!
Med2,#DIV/0!,#DIV/0!,#DIV/0!,#DIV/0!,#DIV/0!
ModPeche,#DIV/0!,#DIV/0!,#DIV/0!,#DIV/0!,#DIV/0!
NavPaxNOff,#DIV/0!,#DIV/0!,#DIV/0!,#DIV/0!,#DIV/0!
NavPaxOff,#DIV/0!,#DIV/0!,#DIV/0!,#DIV/0!,#DIV/0!
RecyCAEERS,#DIV/0!,#DIV/0!,#DIV/0!,#DIV/0!,#DIV/0!
RecyCap2000,#DIV/0!,#DIV/0!,#DIV/0!,#DIV/0!,#DIV/0!
RecyCFBS,#DIV/0!,#DIV/0!,#DIV/0!,#DIV/0!,#DIV/0!
RecyCGO,#DIV/0!,#DIV/0!,#DIV/0!,#DIV/0!,#DIV/0!
RecyCRO,#DIV/0!,#DIV/0!,#DIV/0!,#DIV/0!,#DIV/0!
RecyMed1,#DIV/0!,#DIV/0!,#DIV/0!,#DIV/0!,#DIV/0!
RecyMed2,#DIV/0!,#DIV/0!,#DIV/0!,#DIV/0!,#DIV/0!